Reporter,Partner,Product categories,Indicator Type,Indicator,2014,2013,2012,2011,2010,2009,2008,2007,2006,2005,2004,2003,2002,2001,2000,1999,1998,1997,1996,1995,1994,1993,1992,1991,1990,1989,1988
Eritrea,...,...,Development,GDP (current US$ Mil),           3857.82,           3444.10,           3091.97,           2607.74,           2117.04,           1856.70,           1380.19,           1317.97,           1211.16,           1098.42,           1109.05,            870.25,            729.32,            752.37,            706.37,            688.92,            745.53,            686.49,            693.54,            578.02,            531.69,            467.88,            477.10,,,,
Eritrea,...,...,Export,No. Of Export partners,,,,,,,,,,,,             36.00,,,,,,,,,,,,,,,
Eritrea,...,...,Export,No. Of Export products,,,,,,,,,,,,            232.00,,,,,,,,,,,,,,,
Eritrea,...,...,Import,No. Of Import partners,,,,,,,,,,,,             79.00,,,,,,,,,,,,,,,
Eritrea,...,...,Import,No. Of Import products,,,,,,,,,,,,           3270.00,,,,,,,,,,,,,,,
Eritrea,...,...,Tariff,No. Of Tariff Agreement,,,,,,,,,,,,,,,,,,,,,,,,,,,
Eritrea,...,...,Development,Trade Balance (current US$ Mil),,,,           -228.89,           -392.84,           -351.19,           -299.55,           -303.34,           -381.05,           -535.75,           -599.11,           -531.92,           -386.74,           -379.56,           -342.87,           -531.78,           -486.52,           -385.71,           -403.29,           -349.97,           -291.59,           -191.58,           -159.97,,,,
Eritrea,Fm Sudan,All Products,Export,Trade (US$ Mil)-Top 5 Export Partner,,,,,,,,,,,,              1.28,,,,,,,,,,,,,,,
Eritrea,India,All Products,Export,Trade (US$ Mil)-Top 5 Export Partner,,,,,,,,,,,,              0.48,,,,,,,,,,,,,,,
Eritrea,India,All Products,Import,Trade (US$ Mil)-Top 5 Import Partner,,,,,,,,,,,,             27.11,,,,,,,,,,,,,,,
Eritrea,Italy,All Products,Export,Trade (US$ Mil)-Top 5 Export Partner,,,,,,,,,,,,              0.77,,,,,,,,,,,,,,,
Eritrea,Italy,All Products,Import,Trade (US$ Mil)-Top 5 Import Partner,,,,,,,,,,,,             50.07,,,,,,,,,,,,,,,
Eritrea,Netherlands,All Products,Export,Trade (US$ Mil)-Top 5 Export Partner,,,,,,,,,,,,              0.69,,,,,,,,,,,,,,,
Eritrea,Saudi Arabia,All Products,Import,Trade (US$ Mil)-Top 5 Import Partner,,,,,,,,,,,,             45.38,,,,,,,,,,,,,,,
Eritrea,Singapore,All Products,Export,Trade (US$ Mil)-Top 5 Export Partner,,,,,,,,,,,,              0.82,,,,,,,,,,,,,,,
Eritrea,United Arab Emirates,All Products,Import,Trade (US$ Mil)-Top 5 Import Partner,,,,,,,,,,,,             52.93,,,,,,,,,,,,,,,
Eritrea,United States,All Products,Import,Trade (US$ Mil)-Top 5 Import Partner,,,,,,,,,,,,             68.90,,,,,,,,,,,,,,,
Eritrea,World,All Products,Tariff,Duty Free Imports (US$ Thousand),,,,,,,,,,,,,,,,,,,,,,,,,,,
Eritrea,World,Animal,Export,Export(US$ Mil),,,,,,,,,,,,              2.27,,,,,,,,,,,,,,,
Eritrea,World,Capital goods,Export,Export(US$ Mil),,,,,,,,,,,,              0.05,,,,,,,,,,,,,,,
Eritrea,World,Chemicals,Export,Export(US$ Mil),,,,,,,,,,,,              0.07,,,,,,,,,,,,,,,
Eritrea,World,Consumer goods,Export,Export(US$ Mil),,,,,,,,,,,,              0.66,,,,,,,,,,,,,,,
Eritrea,World,Food Products,Export,Export(US$ Mil),,,,,,,,,,,,              0.16,,,,,,,,,,,,,,,
Eritrea,World,Footwear,Export,Export(US$ Mil),,,,,,,,,,,,              0.09,,,,,,,,,,,,,,,
Eritrea,World,Fuels,Export,Export(US$ Mil),,,,,,,,,,,,,,,,,,,,,,,,,,,
Eritrea,World,Hides and Skins,Export,Export(US$ Mil),,,,,,,,,,,,              0.95,,,,,,,,,,,,,,,
Eritrea,World,Intermediate goods,Export,Export(US$ Mil),,,,,,,,,,,,              1.84,,,,,,,,,,,,,,,
Eritrea,World,Mach and Elec,Export,Export(US$ Mil),,,,,,,,,,,,              0.05,,,,,,,,,,,,,,,
Eritrea,World,Metals,Export,Export(US$ Mil),,,,,,,,,,,,              0.18,,,,,,,,,,,,,,,
Eritrea,World,Minerals,Export,Export(US$ Mil),,,,,,,,,,,,              0.02,,,,,,,,,,,,,,,
Eritrea,World,Miscellaneous,Export,Export(US$ Mil),,,,,,,,,,,,              0.45,,,,,,,,,,,,,,,
Eritrea,World,Plastic or Rubber,Export,Export(US$ Mil),,,,,,,,,,,,              0.18,,,,,,,,,,,,,,,
Eritrea,World,Raw materials,Export,Export(US$ Mil),,,,,,,,,,,,              4.06,,,,,,,,,,,,,,,
Eritrea,World,Stone and Glass,Export,Export(US$ Mil),,,,,,,,,,,,              0.01,,,,,,,,,,,,,,,
Eritrea,World,Textiles and Clothing,Export,Export(US$ Mil),,,,,,,,,,,,              0.58,,,,,,,,,,,,,,,
Eritrea,World,Transportation,Export,Export(US$ Mil),,,,,,,,,,,,              0.19,,,,,,,,,,,,,,,
Eritrea,World,Vegetable,Export,Export(US$ Mil),,,,,,,,,,,,              1.39,,,,,,,,,,,,,,,
Eritrea,World,Wood,Export,Export(US$ Mil),,,,,,,,,,,,              0.01,,,,,,,,,,,,,,,
Eritrea,World,All Products,Export,Exports (in US$ Mil),,,,,,,,,,,,              6.62,,,,,,,,,,,,,,,
Eritrea,World,Capital goods,Import,Import(US$ Mil),,,,,,,,,,,,             94.15,,,,,,,,,,,,,,,
Eritrea,World,Consumer goods,Import,Import(US$ Mil),,,,,,,,,,,,            123.73,,,,,,,,,,,,,,,
Eritrea,World,Intermediate goods,Import,Import(US$ Mil),,,,,,,,,,,,            111.38,,,,,,,,,,,,,,,
Eritrea,World,Raw materials,Import,Import(US$ Mil),,,,,,,,,,,,             99.15,,,,,,,,,,,,,,,
Eritrea,World,All Products,Import,Imports (in US$ Mil),,,,,,,,,,,,            432.84,,,,,,,,,,,,,,,
Eritrea,...,...,Development,"GNI per capita, Atlas method (current US$)",    530.00,    490.00,    450.00,    390.00,    310.00,    270.00,    230.00,    240.00,    240.00,    230.00,    200.00,    170.00,    180.00,    180.00,    180.00,    190.00,    200.00,    200.00,    190.00,    180.00,    180.00,,,,,,
Eritrea,...,...,Trade Indicator,HH Market concentration index,,,,,,,,,,,,      0.05,,,,,,,,,,,,,,,
Eritrea,...,...,Trade Indicator,Index of export market penetration,,,,,,,,,,,,      1.20,,,,,,,,,,,,,,,
Eritrea,...,...,Development,Trade (% of GDP),,,,     37.53,     28.13,     27.97,     30.56,     34.56,     45.26,     61.11,     65.57,     74.01,     76.59,     72.06,     67.88,     96.26,     94.93,    115.42,    116.62,    105.32,    110.88,    102.06,     56.38,,,,
Eritrea,...,...,Development,Trade Balance (% of GDP),,,,     -8.78,    -18.56,    -18.91,    -21.70,    -23.02,    -31.46,    -48.77,    -54.02,    -61.12,    -53.03,    -50.45,    -48.54,    -77.19,    -65.26,    -56.19,    -58.15,    -60.55,    -54.84,    -40.95,    -33.53,,,,
Eritrea,Fm Sudan,All Products,Export,Partner share(%)-Top 5 Export Partner,,,,,,,,,,,,     19.41,,,,,,,,,,,,,,,
Eritrea,India,All Products,Export,Partner share(%)-Top 5 Export Partner,,,,,,,,,,,,      7.23,,,,,,,,,,,,,,,
Eritrea,India,All Products,Import,Partner share(%)-Top 5 Import Partner,,,,,,,,,,,,      6.26,,,,,,,,,,,,,,,
Eritrea,Italy,All Products,Export,Partner share(%)-Top 5 Export Partner,,,,,,,,,,,,     11.60,,,,,,,,,,,,,,,
Eritrea,Italy,All Products,Import,Partner share(%)-Top 5 Import Partner,,,,,,,,,,,,     11.57,,,,,,,,,,,,,,,
Eritrea,Netherlands,All Products,Export,Partner share(%)-Top 5 Export Partner,,,,,,,,,,,,     10.41,,,,,,,,,,,,,,,
Eritrea,Saudi Arabia,All Products,Import,Partner share(%)-Top 5 Import Partner,,,,,,,,,,,,     10.48,,,,,,,,,,,,,,,
Eritrea,Singapore,All Products,Export,Partner share(%)-Top 5 Export Partner,,,,,,,,,,,,     12.39,,,,,,,,,,,,,,,
Eritrea,United Arab Emirates,All Products,Import,Partner share(%)-Top 5 Import Partner,,,,,,,,,,,,     12.23,,,,,,,,,,,,,,,
Eritrea,United States,All Products,Import,Partner share(%)-Top 5 Import Partner,,,,,,,,,,,,     15.92,,,,,,,,,,,,,,,
Eritrea,World,All Products,Trade Indicator,Country Growth (%),,,,,,,,,,,,     -1.38,,,,,,,,,,,,,,,
Eritrea,World,All Products,Tariff,Duty Free Tariff Lines Share (%),,,,,,,,,,,,,,,,,,,,,,,,,,,
Eritrea,World,Animal,Export,Export Product share(%),,,,,,,,,,,,     34.26,,,,,,,,,,,,,,,
Eritrea,World,Capital goods,Export,Export Product share(%),,,,,,,,,,,,      0.76,,,,,,,,,,,,,,,
Eritrea,World,Chemicals,Export,Export Product share(%),,,,,,,,,,,,      1.13,,,,,,,,,,,,,,,
Eritrea,World,Consumer goods,Export,Export Product share(%),,,,,,,,,,,,     10.00,,,,,,,,,,,,,,,
Eritrea,World,Food Products,Export,Export Product share(%),,,,,,,,,,,,      2.44,,,,,,,,,,,,,,,
Eritrea,World,Footwear,Export,Export Product share(%),,,,,,,,,,,,      1.39,,,,,,,,,,,,,,,
Eritrea,World,Fuels,Export,Export Product share(%),,,,,,,,,,,,,,,,,,,,,,,,,,,
Eritrea,World,Hides and Skins,Export,Export Product share(%),,,,,,,,,,,,     14.40,,,,,,,,,,,,,,,
Eritrea,World,Intermediate goods,Export,Export Product share(%),,,,,,,,,,,,     27.86,,,,,,,,,,,,,,,
Eritrea,World,Mach and Elec,Export,Export Product share(%),,,,,,,,,,,,      0.75,,,,,,,,,,,,,,,
Eritrea,World,Metals,Export,Export Product share(%),,,,,,,,,,,,      2.79,,,,,,,,,,,,,,,
Eritrea,World,Minerals,Export,Export Product share(%),,,,,,,,,,,,      0.26,,,,,,,,,,,,,,,
Eritrea,World,Miscellaneous,Export,Export Product share(%),,,,,,,,,,,,      6.77,,,,,,,,,,,,,,,
Eritrea,World,Plastic or Rubber,Export,Export Product share(%),,,,,,,,,,,,      2.76,,,,,,,,,,,,,,,
Eritrea,World,Raw materials,Export,Export Product share(%),,,,,,,,,,,,     61.30,,,,,,,,,,,,,,,
Eritrea,World,Stone and Glass,Export,Export Product share(%),,,,,,,,,,,,      0.20,,,,,,,,,,,,,,,
Eritrea,World,Textiles and Clothing,Export,Export Product share(%),,,,,,,,,,,,      8.80,,,,,,,,,,,,,,,
Eritrea,World,Transportation,Export,Export Product share(%),,,,,,,,,,,,      2.93,,,,,,,,,,,,,,,
Eritrea,World,Vegetable,Export,Export Product share(%),,,,,,,,,,,,     21.04,,,,,,,,,,,,,,,
Eritrea,World,Wood,Export,Export Product share(%),,,,,,,,,,,,      0.10,,,,,,,,,,,,,,,
Eritrea,World,Capital goods,Import,Import Product share(%),,,,,,,,,,,,     21.75,,,,,,,,,,,,,,,
Eritrea,World,Consumer goods,Import,Import Product share(%),,,,,,,,,,,,     28.59,,,,,,,,,,,,,,,
Eritrea,World,Intermediate goods,Import,Import Product share(%),,,,,,,,,,,,     25.73,,,,,,,,,,,,,,,
Eritrea,World,Raw materials,Import,Import Product share(%),,,,,,,,,,,,     22.91,,,,,,,,,,,,,,,
Eritrea,World,All Products,Tariff,Maximum Rate (%),,,,,,,,,,,,,,,,,,,,,,,,,,,
Eritrea,World,All Products,Tariff,Simple Average (%),,,,,,,,,,,,,,,,,,,,,,,,,,,
Eritrea,World,All Products,Tariff,Weighted Average (%),,,,,,,,,,,,,,,,,,,,,,,,,,,
Eritrea,World,Capital goods,Tariff,Weighted Average (%),,,,,,,,,,,,,,,,,,,,,,,,,,,
Eritrea,World,Consumer goods,Tariff,Weighted Average (%),,,,,,,,,,,,,,,,,,,,,,,,,,,
Eritrea,World,Intermediate goods,Tariff,Weighted Average (%),,,,,,,,,,,,,,,,,,,,,,,,,,,
Eritrea,World,Raw materials,Tariff,Weighted Average (%),,,,,,,,,,,,,,,,,,,,,,,,,,,
Eritrea,World,All Products,Trade Indicator,World Growth (%),,,,,,,,,,,,      8.20,,,,,,,,,,,,,,,
