Reporter,Partner,Product categories,Indicator Type,Indicator,2014,2013,2012,2011,2010,2009,2008,2007,2006,2005,2004,2003,2002,2001,2000,1999,1998,1997,1996,1995,1994,1993,1992,1991,1990,1989,1988
Sudan,...,...,Export,No. Of Export partners,,,            141.00,,,,,,,,,,,,,,,,,,,,,,,,
Sudan,...,...,Export,No. Of Export products,,,            431.00,,,,,,,,,,,,,,,,,,,,,,,,
Sudan,...,...,Import,No. Of Import partners,,,            175.00,,,,,,,,,,,,,,,,,,,,,,,,
Sudan,...,...,Import,No. Of Import products,,,           3266.00,,,,,,,,,,,,,,,,,,,,,,,,
Sudan,...,...,Tariff,No. Of Tariff Agreement,,,              4.00,,,,,,,,,,,,,,,,,,,,,,,,
Sudan,Canada,All Products,Export,Trade (US$ Mil)-Top 5 Export Partner,,,             81.14,,,,,,,,,,,,,,,,,,,,,,,,
Sudan,China,All Products,Export,Trade (US$ Mil)-Top 5 Export Partner,,,            191.88,,,,,,,,,,,,,,,,,,,,,,,,
Sudan,China,All Products,Import,Trade (US$ Mil)-Top 5 Import Partner,,,           1222.23,,,,,,,,,,,,,,,,,,,,,,,,
Sudan,"Egypt, Arab Rep.",All Products,Import,Trade (US$ Mil)-Top 5 Import Partner,,,            482.33,,,,,,,,,,,,,,,,,,,,,,,,
Sudan,India,All Products,Import,Trade (US$ Mil)-Top 5 Import Partner,,,            665.45,,,,,,,,,,,,,,,,,,,,,,,,
Sudan,Saudi Arabia,All Products,Export,Trade (US$ Mil)-Top 5 Export Partner,,,             71.44,,,,,,,,,,,,,,,,,,,,,,,,
Sudan,Saudi Arabia,All Products,Import,Trade (US$ Mil)-Top 5 Import Partner,,,            542.12,,,,,,,,,,,,,,,,,,,,,,,,
Sudan,United Arab Emirates,All Products,Export,Trade (US$ Mil)-Top 5 Export Partner,,,           1688.98,,,,,,,,,,,,,,,,,,,,,,,,
Sudan,United Arab Emirates,All Products,Import,Trade (US$ Mil)-Top 5 Import Partner,,,            362.61,,,,,,,,,,,,,,,,,,,,,,,,
Sudan,Unspecified,All Products,Export,Trade (US$ Mil)-Top 5 Export Partner,,,           1016.73,,,,,,,,,,,,,,,,,,,,,,,,
Sudan,World,All Products,Tariff,Duty Free Imports (US$ Thousand),,,        2215110.82,,,,,,,,,,,,,,,,,,,,,,,,
Sudan,World,Animal,Export,Export(US$ Mil),,,            410.30,,,,,,,,,,,,,,,,,,,,,,,,
Sudan,World,Capital goods,Export,Export(US$ Mil),,,              5.85,,,,,,,,,,,,,,,,,,,,,,,,
Sudan,World,Chemicals,Export,Export(US$ Mil),,,             76.91,,,,,,,,,,,,,,,,,,,,,,,,
Sudan,World,Consumer goods,Export,Export(US$ Mil),,,             14.99,,,,,,,,,,,,,,,,,,,,,,,,
Sudan,World,Food Products,Export,Export(US$ Mil),,,             47.59,,,,,,,,,,,,,,,,,,,,,,,,
Sudan,World,Footwear,Export,Export(US$ Mil),,,              0.00,,,,,,,,,,,,,,,,,,,,,,,,
Sudan,World,Fuels,Export,Export(US$ Mil),,,            256.15,,,,,,,,,,,,,,,,,,,,,,,,
Sudan,World,Hides and Skins,Export,Export(US$ Mil),,,             37.18,,,,,,,,,,,,,,,,,,,,,,,,
Sudan,World,Intermediate goods,Export,Export(US$ Mil),,,           2437.89,,,,,,,,,,,,,,,,,,,,,,,,
Sudan,World,Mach and Elec,Export,Export(US$ Mil),,,              1.61,,,,,,,,,,,,,,,,,,,,,,,,
Sudan,World,Metals,Export,Export(US$ Mil),,,             20.96,,,,,,,,,,,,,,,,,,,,,,,,
Sudan,World,Minerals,Export,Export(US$ Mil),,,              4.19,,,,,,,,,,,,,,,,,,,,,,,,
Sudan,World,Miscellaneous,Export,Export(US$ Mil),,,              2.44,,,,,,,,,,,,,,,,,,,,,,,,
Sudan,World,Plastic or Rubber,Export,Export(US$ Mil),,,              1.33,,,,,,,,,,,,,,,,,,,,,,,,
Sudan,World,Raw materials,Export,Export(US$ Mil),,,            923.25,,,,,,,,,,,,,,,,,,,,,,,,
Sudan,World,Stone and Glass,Export,Export(US$ Mil),,,           2172.04,,,,,,,,,,,,,,,,,,,,,,,,
Sudan,World,Textiles and Clothing,Export,Export(US$ Mil),,,             21.08,,,,,,,,,,,,,,,,,,,,,,,,
Sudan,World,Transportation,Export,Export(US$ Mil),,,              4.30,,,,,,,,,,,,,,,,,,,,,,,,
Sudan,World,Vegetable,Export,Export(US$ Mil),,,            324.71,,,,,,,,,,,,,,,,,,,,,,,,
Sudan,World,Wood,Export,Export(US$ Mil),,,              3.08,,,,,,,,,,,,,,,,,,,,,,,,
Sudan,World,All Products,Export,Exports (in US$ Mil),,,           3383.88,,,,,,,,,,,,,,,,,,,,,,,,
Sudan,World,Capital goods,Import,Import(US$ Mil),,,           1704.01,,,,,,,,,,,,,,,,,,,,,,,,
Sudan,World,Consumer goods,Import,Import(US$ Mil),,,           2485.35,,,,,,,,,,,,,,,,,,,,,,,,
Sudan,World,Intermediate goods,Import,Import(US$ Mil),,,           1563.75,,,,,,,,,,,,,,,,,,,,,,,,
Sudan,World,Raw materials,Import,Import(US$ Mil),,,            397.03,,,,,,,,,,,,,,,,,,,,,,,,
Sudan,World,All Products,Import,Imports (in US$ Mil),,,           6580.64,,,,,,,,,,,,,,,,,,,,,,,,
Sudan,...,...,Trade Indicator,HH Market concentration index,,,      0.28,,,,,,,,,,,,,,,,,,,,,,,,
Sudan,...,...,Trade Indicator,Index of export market penetration,,,      1.50,,,,,,,,,,,,,,,,,,,,,,,,
Sudan,Canada,All Products,Export,Partner share(%)-Top 5 Export Partner,,,      2.40,,,,,,,,,,,,,,,,,,,,,,,,
Sudan,China,All Products,Export,Partner share(%)-Top 5 Export Partner,,,      5.67,,,,,,,,,,,,,,,,,,,,,,,,
Sudan,China,All Products,Import,Partner share(%)-Top 5 Import Partner,,,     18.57,,,,,,,,,,,,,,,,,,,,,,,,
Sudan,"Egypt, Arab Rep.",All Products,Import,Partner share(%)-Top 5 Import Partner,,,      7.33,,,,,,,,,,,,,,,,,,,,,,,,
Sudan,India,All Products,Import,Partner share(%)-Top 5 Import Partner,,,     10.11,,,,,,,,,,,,,,,,,,,,,,,,
Sudan,Saudi Arabia,All Products,Export,Partner share(%)-Top 5 Export Partner,,,      2.11,,,,,,,,,,,,,,,,,,,,,,,,
Sudan,Saudi Arabia,All Products,Import,Partner share(%)-Top 5 Import Partner,,,      8.24,,,,,,,,,,,,,,,,,,,,,,,,
Sudan,United Arab Emirates,All Products,Export,Partner share(%)-Top 5 Export Partner,,,     49.91,,,,,,,,,,,,,,,,,,,,,,,,
Sudan,United Arab Emirates,All Products,Import,Partner share(%)-Top 5 Import Partner,,,      5.51,,,,,,,,,,,,,,,,,,,,,,,,
Sudan,Unspecified,All Products,Export,Partner share(%)-Top 5 Export Partner,,,     30.05,,,,,,,,,,,,,,,,,,,,,,,,
Sudan,World,All Products,Trade Indicator,Country Growth (%),,,,,,,,,,,,,,,,,,,,,,,,,,,
Sudan,World,All Products,Tariff,Duty Free Tariff Lines Share (%),,,     40.51,,,,,,,,,,,,,,,,,,,,,,,,
Sudan,World,Animal,Export,Export Product share(%),,,     12.13,,,,,,,,,,,,,,,,,,,,,,,,
Sudan,World,Capital goods,Export,Export Product share(%),,,      0.17,,,,,,,,,,,,,,,,,,,,,,,,
Sudan,World,Chemicals,Export,Export Product share(%),,,      2.27,,,,,,,,,,,,,,,,,,,,,,,,
Sudan,World,Consumer goods,Export,Export Product share(%),,,      0.44,,,,,,,,,,,,,,,,,,,,,,,,
Sudan,World,Food Products,Export,Export Product share(%),,,      1.41,,,,,,,,,,,,,,,,,,,,,,,,
Sudan,World,Footwear,Export,Export Product share(%),,,      0.00,,,,,,,,,,,,,,,,,,,,,,,,
Sudan,World,Fuels,Export,Export Product share(%),,,      7.57,,,,,,,,,,,,,,,,,,,,,,,,
Sudan,World,Hides and Skins,Export,Export Product share(%),,,      1.10,,,,,,,,,,,,,,,,,,,,,,,,
Sudan,World,Intermediate goods,Export,Export Product share(%),,,     72.04,,,,,,,,,,,,,,,,,,,,,,,,
Sudan,World,Mach and Elec,Export,Export Product share(%),,,      0.05,,,,,,,,,,,,,,,,,,,,,,,,
Sudan,World,Metals,Export,Export Product share(%),,,      0.62,,,,,,,,,,,,,,,,,,,,,,,,
Sudan,World,Minerals,Export,Export Product share(%),,,      0.12,,,,,,,,,,,,,,,,,,,,,,,,
Sudan,World,Miscellaneous,Export,Export Product share(%),,,      0.07,,,,,,,,,,,,,,,,,,,,,,,,
Sudan,World,Plastic or Rubber,Export,Export Product share(%),,,      0.04,,,,,,,,,,,,,,,,,,,,,,,,
Sudan,World,Raw materials,Export,Export Product share(%),,,     27.28,,,,,,,,,,,,,,,,,,,,,,,,
Sudan,World,Stone and Glass,Export,Export Product share(%),,,     64.19,,,,,,,,,,,,,,,,,,,,,,,,
Sudan,World,Textiles and Clothing,Export,Export Product share(%),,,      0.62,,,,,,,,,,,,,,,,,,,,,,,,
Sudan,World,Transportation,Export,Export Product share(%),,,      0.13,,,,,,,,,,,,,,,,,,,,,,,,
Sudan,World,Vegetable,Export,Export Product share(%),,,      9.60,,,,,,,,,,,,,,,,,,,,,,,,
Sudan,World,Wood,Export,Export Product share(%),,,      0.09,,,,,,,,,,,,,,,,,,,,,,,,
Sudan,World,Capital goods,Import,Import Product share(%),,,     25.89,,,,,,,,,,,,,,,,,,,,,,,,
Sudan,World,Consumer goods,Import,Import Product share(%),,,     37.77,,,,,,,,,,,,,,,,,,,,,,,,
Sudan,World,Intermediate goods,Import,Import Product share(%),,,     23.76,,,,,,,,,,,,,,,,,,,,,,,,
Sudan,World,Raw materials,Import,Import Product share(%),,,      6.03,,,,,,,,,,,,,,,,,,,,,,,,
Sudan,World,All Products,Tariff,Maximum Rate (%),,,     40.00,,,,,,,,,,,,,,,,,,,,,,,,
Sudan,World,All Products,Tariff,Simple Average (%),,,     12.09,,,,,,,,,,,,,,,,,,,,,,,,
Sudan,World,All Products,Tariff,Weighted Average (%),,,     12.12,,,,,,,,,,,,,,,,,,,,,,,,
Sudan,World,Capital goods,Tariff,Weighted Average (%),,,      9.01,,,,,,,,,,,,,,,,,,,,,,,,
Sudan,World,Consumer goods,Tariff,Weighted Average (%),,,     13.32,,,,,,,,,,,,,,,,,,,,,,,,
Sudan,World,Intermediate goods,Tariff,Weighted Average (%),,,     15.36,,,,,,,,,,,,,,,,,,,,,,,,
Sudan,World,Raw materials,Tariff,Weighted Average (%),,,      5.04,,,,,,,,,,,,,,,,,,,,,,,,
Sudan,World,All Products,Trade Indicator,World Growth (%),,,,,,,,,,,,,,,,,,,,,,,,,,,
